<score tempo="1200" duration="2" timeSignature="48" nbInstrument="1">
<instrument id="1">
<bar id="2">
<note pitch="67" start="0" duration="6" />
<note pitch="71" start="6" duration="6" />
<note pitch="69" start="12" duration="6" />
<note pitch="69" start="18" duration="6" />
<note pitch="67" start="24" duration="24" />
</bar>
<bar id="1">
<note pitch="67" start="0" duration="6" />
<note pitch="67" start="6" duration="6" />
<note pitch="67" start="12" duration="6" />
<note pitch="69" start="18" duration="6" />
<note pitch="71" start="24" duration="12" />
<note pitch="69" start="36" duration="12" />
</bar>
</instrument>
</score>
