
<score tempo="840" duration="8" timeSignature="36" nbInstrument="2">
<instrument id="2">
<bar id="8">
<note pitch="45" start="0" duration="36" />
</bar>
<bar id="7">
<note pitch="47" start="0" duration="12" />
<note pitch="49" start="12" duration="12" />
<note pitch="50" start="24" duration="12" />
</bar>
<bar id="6">
<note pitch="55" start="0" duration="12" />
<note pitch="54" start="12" duration="12" />
<note pitch="49" start="24" duration="12" />
</bar>
<bar id="5">
<note pitch="54" start="12" duration="12" />
<note pitch="57" start="24" duration="12" />
</bar>
<bar id="4" />
<bar id="3" />
<bar id="2" />
<bar id="1" />
</instrument>
<instrument id="1">
<bar id="8">
<note pitch="26" start="0" duration="36" />
<note pitch="45" start="12" duration="24" />
<note pitch="49" start="12" duration="24" />
<note pitch="54" start="12" duration="24" />
</bar>
<bar id="7">
<note pitch="31" start="0" duration="36" />
<note pitch="47" start="12" duration="24" />
<note pitch="50" start="12" duration="24" />
<note pitch="54" start="12" duration="24" />
</bar>
<bar id="6">
<note pitch="26" start="0" duration="36" />
<note pitch="45" start="12" duration="24" />
<note pitch="49" start="12" duration="24" />
<note pitch="54" start="12" duration="24" />
</bar>
<bar id="5">
<note pitch="31" start="0" duration="36" />
<note pitch="47" start="12" duration="24" />
<note pitch="50" start="12" duration="24" />
<note pitch="54" start="12" duration="24" />
</bar>
<bar id="4">
<note pitch="26" start="0" duration="36" />
<note pitch="45" start="12" duration="24" />
<note pitch="49" start="12" duration="24" />
<note pitch="54" start="12" duration="24" />
</bar>
<bar id="3">
<note pitch="31" start="0" duration="36" />
<note pitch="47" start="12" duration="24" />
<note pitch="50" start="12" duration="24" />
<note pitch="54" start="12" duration="24" />
</bar>
<bar id="2">
<note pitch="26" start="0" duration="36" />
<note pitch="45" start="12" duration="24" />
<note pitch="49" start="12" duration="24" />
<note pitch="54" start="12" duration="24" />
</bar>
<bar id="1">
<note pitch="31" start="0" duration="36" />
<note pitch="47" start="12" duration="24" />
<note pitch="50" start="12" duration="24" />
<note pitch="54" start="12" duration="24" />
</bar>
</instrument>
</score>

